uni.label,uni.id,uni.name,coco.label,coco.id,coco.name,object365.label,object365.id,object365.name,openimages.label,openimages.id,openimages.name,oid600.label,oid600.id,oid600.name
0,0,accordion,,,,,,,432.0,/m/0mkg,Accordion,585.0,/m/0mkg,Accordion
1,1,adhesive tape,,,,219.0,220.0,tape,411.0,/m/03m3vtv,Adhesive tape,245.0,/m/03m3vtv,Adhesive tape
2,2,air conditioner,,,,101.0,102.0,air conditioner,,,,,,
3,3,airplane,4.0,5.0,airplane,108.0,109.0,airplane,314.0,/m/0cmf2,Airplane,466.0,/m/0cmf2,Airplane
4,4,alarm clock,,,,,,,351.0,/m/046dlr,Alarm clock,276.0,/m/046dlr,Alarm clock
5,5,alpaca,,,,,,,465.0,/m/0pcr,Alpaca,591.0,/m/0pcr,Alpaca
6,6,ambulance,,,,355.0,356.0,ambulance,83.0,/m/012n7d,Ambulance,4.0,/m/012n7d,Ambulance
7,7,american football,,,,181.0,182.0,american football,90.0,/m/01226z,Football,3.0,/m/01226z,Football
8,8,ant,,,,,,,225.0,/m/0_k2,Ant,568.0,/m/0_k2,Ant
9,9,antelope,,,,287.0,288.0,antelope,40.0,/m/0czz2,Antelope,480.0,/m/0czz2,Antelope
10,10,apple,47.0,53.0,apple,67.0,68.0,apple,475.0,/m/014j1m,Apple,12.0,/m/014j1m,Apple
11,11,arm,,,,,,,458.0,/m/0dzf4,Human arm,501.0,/m/0dzf4,Human arm
12,12,artichoke,,,,,,,237.0,/m/047v4b,Artichoke,278.0,/m/047v4b,Artichoke
13,13,avocado,,,,252.0,253.0,avocado,,,,,,
14,14,awning,,,,,,,,,,,,
15,15,backpack,24.0,27.0,backpack,37.0,38.0,backpack,494.0,/m/01940j,Backpack,37.0,/m/01940j,Backpack
16,16,bagel,,,,,,,473.0,/m/01fb_0,Bagel,64.0,/m/01fb_0,Bagel
17,17,ball,32.0,37.0,sports ball,,,,426.0,/m/018xm,Ball,36.0,/m/018xm,Ball
18,18,balloon,,,,100.0,101.0,balloon,116.0,/m/01j51,Balloon,78.0,/m/01j51,Balloon
19,19,banana,46.0,52.0,banana,107.0,108.0,banana,94.0,/m/09qck,Banana,437.0,/m/09qck,Banana
20,20,banner,,,,,,,,,,,,
21,21,baozi,,,,333.0,334.0,baozi,,,,,,
22,22,bar soap,,,,222.0,223.0,bar soap,,,,,,
23,23,barbell,,,,331.0,332.0,barbell,,,,,,
24,24,barge,,,,,,,450.0,/m/01btn,Barge,52.0,/m/01btn,Barge
25,25,barrel,,,,44.0,45.0,barrel/bucket,272.0,/m/02zn6n,Barrel,204.0,/m/02zn6n,Barrel
26,26,baseball,,,,169.0,170.0,baseball,,,,,,
27,27,baseball bat,34.0,39.0,baseball bat,139.0,140.0,baseball bat,409.0,/m/03g8mr,Baseball bat,233.0,/m/03g8mr,Baseball bat
28,28,baseball glove,35.0,40.0,baseball glove,115.0,116.0,baseball glove,355.0,/m/03grzl,Baseball glove,234.0,/m/03grzl,Baseball glove
29,29,basket,,,,41.0,42.0,basket,,,,,,
30,30,basketball,,,,182.0,183.0,basketball,,,,,,
31,31,bat,,,,,,,345.0,/m/01h44,Bat,73.0,/m/01h44,Bat (Animal)
32,32,bathroom cabinet,,,,,,,477.0,/m/04y4h8h,Bathroom cabinet,303.0,/m/04y4h8h,Bathroom cabinet
33,33,bathtub,,,,175.0,176.0,bathtub,106.0,/m/03dnzn,Bathtub,229.0,/m/03dnzn,Bathtub
34,34,beaker,,,,,,,102.0,/m/0d20w4,Beaker,481.0,/m/0d20w4,Beaker
35,35,bear,21.0,23.0,bear,258.0,259.0,bear,53.0,/m/01dws,Bear,57.0,/m/01dws,Bear
36,36,beard,,,,,,,364.0,/m/015h_t,Human beard,19.0,/m/015h_t,Human beard
37,37,bed,59.0,65.0,bed,49.0,50.0,bed,31.0,/m/03ssj5,Bed,256.0,/m/03ssj5,Bed
38,38,bee,,,,,,,98.0,/m/01h3n,Bee,72.0,/m/01h3n,Bee
39,39,beehive,,,,,,,110.0,/m/01gllr,Beehive,70.0,/m/01gllr,Beehive
40,40,beer,,,,,,,192.0,/m/01599,Beer,17.0,/m/01599,Beer
41,41,bell pepper,,,,,,,179.0,/m/0jg57,Bell pepper,560.0,/m/0jg57,Bell pepper
42,42,belt,,,,39.0,40.0,belt,142.0,/m/0176mf,Belt,32.0,/m/0176mf,Belt
43,43,bench,13.0,15.0,bench,26.0,27.0,bench,71.0,/m/0cvnqh,Bench,474.0,/m/0cvnqh,Bench
44,44,bicycle,1.0,2.0,bicycle,58.0,59.0,bicycle,130.0,/m/0199g,Bicycle,38.0,/m/0199g,Bicycle
45,45,bicycle helmet,,,,,,,312.0,/m/03p3bw,Bicycle helmet,248.0,/m/03p3bw,Bicycle helmet
46,46,bicycle wheel,,,,,,,498.0,/m/01bqk0,Bicycle wheel,51.0,/m/01bqk0,Bicycle wheel
47,47,bicyclist,,,,,,,,,,,,
48,48,bidet,,,,,,,278.0,/m/01vbnl,Bidet,108.0,/m/01vbnl,Bidet
49,49,bike rack,,,,,,,,,,,,
50,50,billboard,,,,,,,129.0,/m/01knjb,Billboard,85.0,/m/01knjb,Billboard
51,51,billiard ball,,,,186.0,187.0,billiards,,,,,,
52,52,billiard table,,,,,,,46.0,/m/04p0qw,Billiard table,295.0,/m/04p0qw,Billiard table
53,53,binoculars,,,,323.0,324.0,binoculars,96.0,/m/0lt4_,Binoculars,582.0,/m/0lt4_,Binoculars
54,54,bird,14.0,16.0,bird,73.0,74.0,wild bird,229.0,/m/015p6,Bird,20.0,/m/015p6,Bird
55,55,blender,,,,204.0,205.0,blender,45.0,/m/02pjr4,Blender,179.0,/m/02pjr4,Blender
56,56,blue jay,,,,,,,114.0,/m/01f8m5,Blue jay,62.0,/m/01f8m5,Blue jay
57,57,board eraser,,,,275.0,276.0,board eraser,,,,,,
58,58,boat,8.0,9.0,boat,32.0,33.0,boat,155.0,/m/019jd,Boat,41.0,/m/019jd,Boat
59,59,book,73.0,84.0,book,14.0,15.0,book,121.0,/m/0bt_c3,Book,445.0,/m/0bt_c3,Book
60,60,bookcase,,,,,,,68.0,/m/03__z0,Bookcase,267.0,/m/03__z0,Bookcase
61,61,boot,,,,28.0,29.0,boots,217.0,/m/01b638,Boot,43.0,/m/01b638,Boot
62,62,bottle,39.0,44.0,bottle,5.0,6.0,bottle,464.0,/m/04dr76w,Bottle,284.0,/m/04dr76w,Bottle
63,63,bow and arrow,,,,,,,414.0,/m/01g3x7,Bow and arrow,68.0,/m/01g3x7,Bow and arrow
64,64,bow tie,,,,171.0,172.0,bow tie,,,,,,
65,65,bowl,45.0,51.0,bowl,29.0,30.0,bowl,37.0,/m/04kkgm,Bowl,235.0,/m/03hj559,Mixing bowl
65,65,bowl,45.0,51.0,bowl,29.0,30.0,bowl,37.0,/m/04kkgm,Bowl,291.0,/m/04kkgm,Bowl
66,66,box,,,,24.0,25.0,storage box,275.0,/m/025dyy,Box,134.0,/m/025dyy,Box
67,67,boy,,,,,,,418.0,/m/01bl7v,Boy,49.0,/m/01bl7v,Boy
68,68,bracelet,,,,21.0,22.0,bracelet,,,,,,
69,69,brassiere,,,,,,,476.0,/m/01gmv2,Brassiere,71.0,/m/01gmv2,Brassiere
70,70,bread,,,,59.0,60.0,bread,28.0,/m/09728,Bread,312.0,/m/052lwg6,Baked goods
70,70,bread,,,,59.0,60.0,bread,28.0,/m/09728,Bread,418.0,/m/09728,Bread
70,70,bread,,,,332.0,333.0,bread/bun,28.0,/m/09728,Bread,312.0,/m/052lwg6,Baked goods
70,70,bread,,,,332.0,333.0,bread/bun,28.0,/m/09728,Bread,418.0,/m/09728,Bread
71,71,briefcase,,,,,,,412.0,/m/0584n8,Briefcase,322.0,/m/0584n8,Briefcase
72,72,broccoli,50.0,56.0,broccoli,135.0,136.0,broccoli,50.0,/m/0hkxq,Broccoli,554.0,/m/0hkxq,Broccoli
73,73,bronze sculpture,,,,,,,48.0,/m/01yx86,Bronze sculpture,121.0,/m/01yx86,Bronze sculpture
74,74,broom,,,,268.0,269.0,broom,,,,,,
75,75,brown bear,,,,,,,241.0,/m/01dxs,Brown bear,60.0,/m/01dxs,Brown bear
76,76,brush,,,,238.0,239.0,brush,,,,,,
77,77,bull,,,,,,,424.0,/m/0cnyhnx,Bull,469.0,/m/0cnyhnx,Bull
78,78,burrito,,,,,,,211.0,/m/01j3zr,Burrito,76.0,/m/01j3zr,Burrito
79,79,bus,5.0,6.0,bus,85.0,86.0,bus,168.0,/m/01bjv,Bus,48.0,/m/01bjv,Bus
80,80,bust,,,,,,,269.0,/m/04yqq2,Bust,305.0,/m/04yqq2,Bust
81,81,butterfly,,,,297.0,298.0,butterfly,19.0,/m/0cyf8,Butterfly,477.0,/m/0cyf8,Butterfly
82,82,cabbage,,,,225.0,226.0,cabbage,335.0,/m/0fbw6,Cabbage,509.0,/m/0fbw6,Cabbage
83,83,cabinetry,,,,6.0,7.0,cabinet/shelf,482.0,/m/01s105,Cabinetry,105.0,/m/01s105,Cabinetry
84,84,cake,55.0,61.0,cake,71.0,72.0,cake,25.0,/m/0fszt,Cake,518.0,/m/0fszt,Cake
85,85,cake stand,,,,,,,322.0,/m/0h8n6ft,Cake stand,544.0,/m/0h8n6ft,Cake stand
86,86,calculator,,,,295.0,296.0,calculator,,,,131.0,/m/024d2,Calculator
87,87,camel,,,,281.0,282.0,camel,425.0,/m/01x_v,Camel,116.0,/m/01x_v,Camel
88,88,camera,,,,68.0,69.0,camera,5.0,/m/0dv5r,Camera,497.0,/m/0dv5r,Camera
89,89,canary,,,,,,,315.0,/m/0ccs93,Canary,455.0,/m/0ccs93,Canary
90,90,candle,,,,69.0,70.0,candle,158.0,/m/0c06p,Candle,448.0,/m/0c06p,Candle
91,91,candy,,,,165.0,166.0,candy,323.0,/m/0gm28,Candy,528.0,/m/0gm28,Candy
92,92,cannon,,,,,,,27.0,/m/020kz,Cannon,125.0,/m/020kz,Cannon
93,93,canoe,,,,,,,149.0,/m/0ph39,Canoe,593.0,/m/0ph39,Canoe
94,94,cantaloupe,,,,279.0,280.0,hamimelon,,,,575.0,/m/0kpt_,Cantaloupe
95,95,car,2.0,3.0,car,8.0,9.0,car,63.0,/m/0k4j,Car,569.0,/m/0k4j,Car
96,96,caravan,,,,,,,,,,,,
97,97,carrot,51.0,57.0,carrot,159.0,160.0,carrot,248.0,/m/0fj52s,Carrot,510.0,/m/0fj52s,Carrot
98,98,cart,,,,,,,208.0,/m/018p4k,Cart,35.0,/m/018p4k,Cart
99,99,castle,,,,,,,251.0,/m/0d5gx,Castle,485.0,/m/0d5gx,Castle
100,100,cat,15.0,17.0,cat,146.0,147.0,cat,258.0,/m/01yrx,Cat,120.0,/m/01yrx,Cat
101,101,catch basin,,,,,,,,,,,,
102,102,caterpillar,,,,,,,390.0,/m/0cydv,Caterpillar,476.0,/m/0cydv,Caterpillar
103,103,cattle,,,,,,,9.0,/m/01xq0k1,Cattle,113.0,/m/01xq0k1,Cattle
104,104,ceiling fan,,,,,,,253.0,/m/03ldnb,Ceiling fan,243.0,/m/03ldnb,Ceiling fan
105,105,cello,,,,232.0,233.0,cello,423.0,/m/01xqw,Cello,114.0,/m/01xqw,Cello
106,106,centipede,,,,,,,469.0,/m/019h78,Centipede,40.0,/m/019h78,Centipede
107,107,chainsaw,,,,361.0,362.0,chainsaw,,,,77.0,/m/01j4z9,Chainsaw
108,108,chair,56.0,62.0,chair,2.0,3.0,chair,99.0,/m/01mzpv,Chair,95.0,/m/01mzpv,Chair
109,109,cheese,,,,299.0,300.0,cheese,,,,98.0,/m/01nkt,Cheese
110,110,cheetah,,,,,,,443.0,/m/0cd4d,Cheetah,456.0,/m/0cd4d,Cheetah
111,111,cherry,,,,260.0,261.0,cherry,,,,,,
112,112,chest of drawers,,,,,,,343.0,/m/05kyg_,Chest of drawers,328.0,/m/05kyg_,Chest of drawers
113,113,chicken,,,,216.0,217.0,chicken,112.0,/m/09b5t,Chicken,420.0,/m/09b5t,Chicken
114,114,chopstick,,,,195.0,196.0,chopsticks,175.0,/m/01_5g,Chopsticks,18.0,/m/01_5g,Chopsticks
115,115,christmas tree,,,,,,,84.0,/m/025nd,Christmas tree,136.0,/m/025nd,Christmas tree
116,116,cleaning products,,,,126.0,127.0,cleaning products,,,,,,
117,117,clock,74.0,85.0,clock,82.0,83.0,clock,250.0,/m/01x3z,Clock,111.0,/m/01x3z,Clock
118,118,coat,,,,,,,126.0,/m/01xygc,Coat,117.0,/m/01xygc,Coat
119,119,cocktail,,,,,,,396.0,/m/024g6,Cocktail,132.0,/m/024g6,Cocktail
120,120,coconut,,,,292.0,293.0,coconut,380.0,/m/0djtd,Coconut,491.0,/m/0djtd,Coconut
121,121,coffee,,,,,,,451.0,/m/02vqfm,Coffee,187.0,/m/02vqfm,Coffee
122,122,coffee cup,,,,,,,186.0,/m/02p5f1q,Coffee cup,177.0,/m/02p5f1q,Coffee cup
123,123,coffee table,,,,45.0,46.0,coffee table,382.0,/m/078n6m,Coffee table,376.0,/m/078n6m,Coffee table
124,124,coffeemaker,,,,174.0,175.0,coffee machine,65.0,/m/07xyvk,Coffeemaker,400.0,/m/07xyvk,Coffeemaker
125,125,coin,,,,,,,161.0,/m/0242l,Coin,130.0,/m/0242l,Coin
126,126,comb,,,,340.0,341.0,comb,,,,,,
127,127,compact disc,,,,246.0,247.0,CD,,,,,,
128,128,computer keyboard,66.0,76.0,keyboard,93.0,94.0,keyboard,479.0,/m/01m2v,Computer keyboard,92.0,/m/01m2v,Computer keyboard
129,129,computer monitor,,,,,,,296.0,/m/02522,Computer monitor,133.0,/m/02522,Computer monitor
130,130,computer mouse,,,,,,,449.0,/m/020lf,Computer mouse,126.0,/m/020lf,Computer mouse
131,131,construction vehicle,,,,120.0,121.0,machinery vehicle,,,,,,
132,132,convenience store,,,,,,,301.0,/m/0crjs,Convenience store,472.0,/m/0crjs,Convenience store
133,133,cookie,,,,162.0,163.0,cookies,207.0,/m/021mn,Cookie,127.0,/m/021mn,Cookie
134,134,corded phone,,,,,,,245.0,/m/0h8lkj8,Corded phone,537.0,/m/0h8lkj8,Corded phone
135,135,corn,,,,264.0,265.0,corn,,,,,,
136,136,cosmetic,,,,,,,,,,,,
137,137,cosmetics mirror,,,,,,,,,,,,
138,138,couch,57.0,63.0,couch,38.0,39.0,couch,422.0,/m/02crq1,Couch,152.0,/m/02crq1,Couch
138,138,couch,57.0,63.0,couch,38.0,39.0,couch,422.0,/m/02crq1,Couch,366.0,/m/0703r8,Loveseat
138,138,couch,57.0,63.0,couch,38.0,39.0,couch,461.0,/m/0703r8,Loveseat,152.0,/m/02crq1,Couch
138,138,couch,57.0,63.0,couch,38.0,39.0,couch,461.0,/m/0703r8,Loveseat,366.0,/m/0703r8,Loveseat
139,139,countertop,,,,,,,189.0,/m/0b3fp9,Countertop,440.0,/m/0b3fp9,Countertop
140,140,cow,19.0,21.0,cow,80.0,81.0,cow,,,,,,
141,141,cowboy hat,,,,,,,387.0,/m/025rp__,Cowboy hat,137.0,/m/025rp__,Cowboy hat
142,142,crab,,,,329.0,330.0,crab,232.0,/m/0n28_,Crab,587.0,/m/0n28_,Crab
143,143,crane,,,,229.0,230.0,crane,,,,,,
144,144,cricket ball,,,,,,,378.0,/m/02ctlc,Cricket ball,153.0,/m/02ctlc,Cricket ball
145,145,crocodile,,,,,,,8.0,/m/09f_2,Crocodile,427.0,/m/09f_2,Crocodile
146,146,croissant,,,,,,,157.0,/m/015wgc,Croissant,23.0,/m/015wgc,Croissant
147,147,crosswalk sign,,,,305.0,306.0,crosswalk sign,,,,,,
148,148,crown,,,,,,,440.0,/m/0nl46,Crown,588.0,/m/0nl46,Crown
149,149,crutch,,,,,,,311.0,/m/05441v,Crutch,314.0,/m/05441v,Crutch
150,150,cucumber,,,,202.0,203.0,cucumber,115.0,/m/015x4r,Cucumber,24.0,/m/015x4r,Cucumber
151,151,cue,,,,256.0,257.0,cue,,,,,,
152,152,cup,41.0,47.0,cup,7.0,8.0,cup,,,,,,
153,153,cupboard,,,,,,,111.0,/m/0642b4,Cupboard,343.0,/m/0642b4,Cupboard
154,154,curling stone,,,,,,,,,,,,
155,155,curtain,,,,,,,305.0,/m/03rszm,Curtain,255.0,/m/03rszm,Curtain
156,156,cutting board,,,,163.0,164.0,cutting/chopping board,47.0,/m/02pdsw,Cutting board,178.0,/m/02pdsw,Cutting board
157,157,cymbal,,,,102.0,103.0,cymbal,,,,,,
158,158,dagger,,,,,,,347.0,/m/02gzp,Dagger,164.0,/m/02gzp,Dagger
159,159,deer,,,,211.0,212.0,deer,405.0,/m/09kx5,Deer,435.0,/m/09kx5,Deer
160,160,desk,,,,11.0,12.0,desk,310.0,/m/01y9k5,Desk,119.0,/m/01y9k5,Desk
161,161,desktop computer,,,,131.0,132.0,computer box,,,,,,
162,162,dessert,,,,,,,97.0,/m/0270h,Dessert,109.0,/m/01ww8y,Snack
162,162,dessert,,,,,,,97.0,/m/0270h,Dessert,141.0,/m/0270h,Dessert
163,163,dice,,,,,,,334.0,/m/029b3,Dice,148.0,/m/029b3,Dice
164,164,digital clock,,,,,,,176.0,/m/06_72j,Digital clock,346.0,/m/06_72j,Digital clock
165,165,dining table,60.0,67.0,dining table,30.0,31.0,dining table,,,,,,
166,166,dinosaur,,,,,,,362.0,/m/029tx,Dinosaur,150.0,/m/029tx,Dinosaur
167,167,dishwasher,,,,,,,,,,576.0,/m/0ky7b,Dishwasher
168,168,dog,16.0,18.0,dog,97.0,98.0,dog,488.0,/m/0bt9lr,Dog,444.0,/m/0bt9lr,Dog
169,169,dog bed,,,,,,,191.0,/m/0h8n6f9,Dog bed,543.0,/m/0h8n6f9,Dog bed
170,170,doll,,,,,,,381.0,/m/0167gd,Doll,27.0,/m/0167gd,Doll
171,171,dolphin,,,,310.0,311.0,dolphin,487.0,/m/02hj4,Dolphin,166.0,/m/02hj4,Dolphin
172,172,donkey,,,,313.0,314.0,donkey,,,,,,
173,173,donut,54.0,60.0,donut,125.0,126.0,donut,342.0,/m/0jy4k,Doughnut,564.0,/m/0jy4k,Doughnut
174,174,door,,,,,,,173.0,/m/02dgv,Door,158.0,/m/02dgv,Door
175,175,door handle,,,,,,,131.0,/m/03c7gz,Door handle,227.0,/m/03c7gz,Door handle
176,176,dragonfly,,,,,,,38.0,/m/0ft9s,Dragonfly,519.0,/m/0ft9s,Dragonfly
177,177,drawer,,,,,,,331.0,/m/0fqfqc,Drawer,515.0,/m/0fqfqc,Drawer
178,178,dress,,,,,,,55.0,/m/01d40f,Dress,56.0,/m/01d40f,Dress
179,179,drinking straw,,,,,,,222.0,/m/03v5tg,Drinking straw,260.0,/m/03v5tg,Drinking straw
180,180,drum,,,,83.0,84.0,drum,224.0,/m/026t6,Drum,140.0,/m/026t6,Drum
181,181,duck,,,,150.0,151.0,duck,427.0,/m/09ddx,Duck,424.0,/m/09ddx,Duck
182,182,dumbbell,,,,278.0,279.0,dumbbell,260.0,/m/04h8sr,Dumbbell,289.0,/m/04h8sr,Dumbbell
183,183,dumpling,,,,,,,,,,,,
184,184,durian,,,,351.0,352.0,durian,,,,,,
185,185,eagle,,,,349.0,350.0,eagle,85.0,/m/09csl,Eagle,421.0,/m/09csl,Eagle
186,186,ear,,,,,,,226.0,/m/039xj_,Human ear,222.0,/m/039xj_,Human ear
187,187,earbud,,,,241.0,242.0,earphone,,,,,,
188,188,earring,,,,,,,304.0,/m/01r546,Earrings,102.0,/m/01r546,Earrings
189,189,egg,,,,212.0,213.0,egg,210.0,/m/033cnk,Egg,215.0,/m/033cnk,Egg (Food)
190,190,eggplant,,,,272.0,273.0,eggplant,,,,,,
191,191,electric drill,,,,314.0,315.0,electric drill,,,,55.0,/m/01d380,Drill (Tool)
192,192,electric fan,,,,96.0,97.0,fan,132.0,/m/02x984l,Mechanical fan,198.0,/m/02x984l,Mechanical fan
193,193,elephant,20.0,22.0,elephant,132.0,133.0,elephant,270.0,/m/0bwd_0j,Elephant,446.0,/m/0bwd_0j,Elephant
194,194,envelope,,,,,,,410.0,/m/0frqm,Envelope,517.0,/m/0frqm,Envelope
195,195,eraser,,,,341.0,342.0,eraser,,,,161.0,/m/02fh7f,Eraser
196,196,exhaust hood,,,,,,,,,,,,
197,197,extension cord,,,,192.0,193.0,extension cord,,,,,,
198,198,eye,,,,,,,492.0,/m/014sv8,Human eye,13.0,/m/014sv8,Human eye
199,199,eyeglasses,,,,9.0,10.0,glasses,140.0,/m/0jyfg,Glasses,565.0,/m/0jyfg,Glasses
200,200,eyeliner pencil,,,,,,,,,,,,
201,201,face,,,,,,,279.0,/m/0dzct,Human face,500.0,/m/0dzct,Human face
202,202,falcon,,,,,,,285.0,/m/0f6wt,Falcon,505.0,/m/0f6wt,Falcon
203,203,fedora,,,,,,,61.0,/m/02fq_6,Fedora,162.0,/m/02fq_6,Fedora
204,204,fig,,,,,,,453.0,/m/043nyj,Common fig,271.0,/m/043nyj,Common fig
205,205,filing cabinet,,,,,,,320.0,/m/047j0r,Filing cabinet,277.0,/m/047j0r,Filing cabinet
206,206,fire extinguisher,,,,191.0,192.0,fire extinguisher,,,,,,
207,207,fire hydrant,10.0,11.0,fire hydrant,187.0,188.0,fire hydrant,491.0,/m/01pns0,Fire hydrant,100.0,/m/01pns0,Fire hydrant
208,208,fire truck,,,,230.0,231.0,fire truck,,,,,,
209,209,fireplace,,,,,,,118.0,/m/03tw93,Fireplace,258.0,/m/03tw93,Fireplace
210,210,fish,,,,66.0,67.0,fish,302.0,/m/0ch_cf,Fish,461.0,/m/0ch_cf,Fish
211,211,fishing rod,,,,259.0,260.0,fishing rod,,,,,,
212,212,flag,,,,33.0,34.0,flag,2.0,/m/03120,Flag,209.0,/m/03120,Flag
213,213,flashlight,,,,364.0,365.0,flashlight,3.0,/m/01kb5b,Flashlight,84.0,/m/01kb5b,Flashlight
214,214,flask,,,,,,,,,,,,
215,215,flower,,,,22.0,23.0,flower,73.0,/m/0c9ph5,Flower,454.0,/m/0c9ph5,Flower
216,216,flowerpot,,,,,,,101.0,/m/0fm3zh,Flowerpot,513.0,/m/0fm3zh,Flowerpot
217,217,flute,,,,318.0,319.0,flute,18.0,/m/0l14j_,Flute,577.0,/m/0l14j_,Flute
218,218,folder,,,,168.0,169.0,folder,,,,,,
219,219,food processor,,,,,,,66.0,/m/03y6mg,Food processor,266.0,/m/03y6mg,Food processor
220,220,foot,,,,,,,349.0,/m/031n1,Human foot,212.0,/m/031n1,Human foot
221,221,football helmet,,,,,,,336.0,/m/07qxg_,Football helmet,397.0,/m/07qxg_,Football helmet
222,222,fork,42.0,48.0,fork,84.0,85.0,fork,243.0,/m/0dt3t,Fork,495.0,/m/0dt3t,Fork
223,223,fountain,,,,,,,228.0,/m/0220r2,Fountain,129.0,/m/0220r2,Fountain
224,224,fox,,,,,,,300.0,/m/0306r,Fox,208.0,/m/0306r,Fox
225,225,french fries,,,,250.0,251.0,french fries,330.0,/m/02y6n,French fries,202.0,/m/02y6n,French fries
226,226,french horn,,,,354.0,355.0,french horn,297.0,/m/0319l,Horn,210.0,/m/0319l,French horn
227,227,frisbee,29.0,34.0,frisbee,198.0,199.0,frisbee,,,,,,
228,228,frog,,,,,,,277.0,/m/09ld4,Frog,436.0,/m/09ld4,Frog
229,229,frying pan,,,,,,,76.0,/m/04v6l4,Frying pan,301.0,/m/04v6l4,Frying pan
230,230,game board,,,,352.0,353.0,game board,,,,,,
231,231,garden asparagus,,,,356.0,357.0,asparagus,254.0,/m/0cjs7,Asparagus,463.0,/m/0cjs7,Garden Asparagus
232,232,garlic,,,,249.0,250.0,garlic,,,,,,
233,233,gas stove,,,,134.0,135.0,gas stove,206.0,/m/02wv84t,Gas stove,196.0,/m/02wv84t,Gas stove
234,234,giraffe,23.0,25.0,giraffe,152.0,153.0,giraffe,145.0,/m/03bk1,Giraffe,225.0,/m/03bk1,Giraffe
235,235,girl,,,,,,,360.0,/m/05r655,Girl,331.0,/m/05r655,Girl
236,236,globe,,,,267.0,268.0,globe,,,,,,
237,237,glove,,,,19.0,20.0,glove,7.0,/m/0174n1,Glove,30.0,/m/0174n1,Glove
238,238,goat,,,,,,,212.0,/m/03fwl,Goat,232.0,/m/03fwl,Goat
239,239,goggles,,,,,,,388.0,/m/02_n6y,Goggles,174.0,/m/02_n6y,Goggles
240,240,goldfish,,,,283.0,284.0,goldfish,328.0,/m/03fj2,Goldfish,230.0,/m/03fj2,Goldfish
241,241,golf ball,,,,227.0,228.0,golf ball,194.0,/m/044r5d,Golf ball,274.0,/m/044r5d,Golf ball
242,242,golf cart,,,,,,,59.0,/m/0323sq,Golf cart,213.0,/m/0323sq,Golf cart
243,243,golf club,,,,201.0,202.0,golf club,,,,,,
244,244,gondola,,,,,,,340.0,/m/02068x,Gondola,123.0,/m/02068x,Gondola
245,245,goose,,,,188.0,189.0,goose,183.0,/m/0dbvp,Goose,487.0,/m/0dbvp,Goose
246,246,grape,,,,178.0,179.0,grapes,306.0,/m/0388q,Grape,221.0,/m/0388q,Grape
247,247,grapefruit,,,,,,,123.0,/m/0hqkz,Grapefruit,557.0,/m/0hqkz,Grapefruit
248,248,green beans,,,,237.0,238.0,green beans,,,,,,
249,249,green onion,,,,308.0,309.0,green onion,,,,,,
250,250,ground animal,,,,,,,,,,,,
251,251,guacamole,,,,,,,11.0,/m/02g30s,Guacamole,163.0,/m/02g30s,Guacamole
252,252,guitar,,,,90.0,91.0,guitar,57.0,/m/0342h,Guitar,217.0,/m/0342h,Guitar
253,253,hair,,,,,,,240.0,/m/03q69,Human hair,251.0,/m/03q69,Human hair
254,254,hair dryer,78.0,89.0,hair drier,307.0,308.0,hair drier,,,,262.0,/m/03wvsk,Hair dryer
255,255,hamburger,,,,200.0,201.0,hamburger,400.0,/m/0cdn1,Hamburger,458.0,/m/0cdn1,Hamburger
256,256,hammer,,,,271.0,272.0,hammer,,,,242.0,/m/03l9g,Hammer
257,257,hamster,,,,,,,32.0,/m/03qrc,Hamster,254.0,/m/03qrc,Hamster
258,258,hand,,,,,,,353.0,/m/0k65p,Human hand,571.0,/m/0k65p,Human hand
259,259,handbag,26.0,31.0,handbag,12.0,13.0,handbag,80.0,/m/080hkjn,Handbag,403.0,/m/080hkjn,Handbag
260,260,handcart,,,,112.0,113.0,trolley,,,,,,
261,261,handgun,,,,144.0,145.0,gun,287.0,/m/0gxl3,Handgun,531.0,/m/0gxl3,Handgun
262,262,hanger,,,,86.0,87.0,hanger,,,,,,
263,263,harbor seal,,,,,,,180.0,/m/02l8p9,Harbor seal,171.0,/m/02l8p9,Harbor seal
264,264,harp,,,,,,,105.0,/m/03m5k,Harp,246.0,/m/03m5k,Harp
265,265,harpsichord,,,,,,,166.0,/m/03q5t,Harpsichord,250.0,/m/03q5t,Harpsichord
266,266,hat,,,,3.0,4.0,hat,33.0,/m/02dl1y,Hat,159.0,/m/02dl1y,Hat
267,267,head,,,,,,,92.0,/m/04hgtk,Human head,290.0,/m/04hgtk,Human head
268,268,headphone,,,,123.0,124.0,head phone,227.0,/m/01b7fy,Headphones,44.0,/m/01b7fy,Headphones
269,269,helicopter,,,,236.0,237.0,helicopter,184.0,/m/09ct_,Helicopter,422.0,/m/09ct_,Helicopter
270,270,helmet,,,,16.0,17.0,helmet,199.0,/m/0zvk5,Helmet,599.0,/m/0zvk5,Helmet
271,271,high heels,,,,60.0,61.0,high heels,268.0,/m/06k2mb,High heels,353.0,/m/06k2mb,High heels
272,272,hockey stick,,,,,,,,,,,,
273,273,honeycomb,,,,,,,341.0,/m/0fz0h,Honeycomb,522.0,/m/0fz0h,Honeycomb
274,274,horse,17.0,19.0,horse,65.0,66.0,horse,308.0,/m/03k3r,Horse,240.0,/m/03k3r,Horse
275,275,horse carriage,,,,239.0,240.0,carriage,,,,,,
276,276,hot air balloon,,,,360.0,361.0,hotair balloon,,,,,,
277,277,hot dog,52.0,58.0,hot dog,207.0,208.0,hot dog,188.0,/m/01b9xk,Hot dog,45.0,/m/01b9xk,Hot dog
278,278,house,,,,,,,10.0,/m/03jm5,House,239.0,/m/03jm5,House
279,279,hoverboard,,,,357.0,358.0,hoverboard,,,,,,
280,280,hurdle,,,,243.0,244.0,hurdle,,,,,,
281,281,ice cream,,,,218.0,219.0,ice cream,283.0,/m/0cxn2,Ice cream,475.0,/m/0cxn2,Ice cream
282,282,induction stove,,,,,,,,,,,,
283,283,infant bed,,,,,,,0.0,/m/061hd_,Infant bed,340.0,/m/061hd_,Infant bed
284,284,jacket,,,,,,,417.0,/m/032b3c,Jacket,214.0,/m/032b3c,Jacket
285,285,jaguar,,,,,,,255.0,/m/0449p,Jaguar,273.0,/m/0449p,Jaguar (Animal)
286,286,jeans,,,,,,,230.0,/m/0fly7,Jeans,512.0,/m/0fly7,Jeans
287,287,jellyfish,,,,293.0,294.0,jellyfish,24.0,/m/0d8zb,Jellyfish,486.0,/m/0d8zb,Jellyfish
288,288,jet ski,,,,,,,238.0,/m/01xs3r,Jet ski,115.0,/m/01xs3r,Jet ski
289,289,jug,,,,,,,489.0,/m/08hvt4,Jug,413.0,/m/08hvt4,Jug
290,290,juice,,,,,,,171.0,/m/01z1kdw,Juice,122.0,/m/01z1kdw,Juice
291,291,junction box,,,,,,,,,,,,
292,292,kangaroo,,,,,,,457.0,/m/04c0y,Kangaroo,281.0,/m/04c0y,Kangaroo
293,293,kettle,,,,199.0,200.0,kettle,466.0,/m/03s_tn,Kettle,257.0,/m/03s_tn,Kettle
294,294,key,,,,265.0,266.0,key,,,,,,
295,295,kitchen or dining room table,,,,,,,87.0,/m/0h8n5zk,Kitchen & dining room table,542.0,/m/0h8n5zk,Kitchen & dining room table
296,296,kitchen knife,,,,,,,213.0,/m/058qzx,Kitchen knife,323.0,/m/058qzx,Kitchen knife
297,297,kite,33.0,38.0,kite,130.0,131.0,kite,117.0,/m/02zt3,Kite,205.0,/m/02zt3,Kite
298,298,kiwi fruit,,,,257.0,258.0,kiwi fruit,,,,,,
299,299,knife,43.0,49.0,knife,75.0,76.0,knife,79.0,/m/04ctx,Knife,283.0,/m/04ctx,Knife
300,300,ladder,,,,179.0,180.0,ladder,200.0,/m/012w5l,Ladder,5.0,/m/012w5l,Ladder
301,301,ladybug,,,,,,,15.0,/m/0gj37,Ladybug,525.0,/m/0gj37,Ladybug
302,302,lamp,,,,4.0,5.0,lamp,439.0,/m/0dtln,Lamp,496.0,/m/0dtln,Lamp
303,303,land vehicle,,,,,,,344.0,/m/01prls,Land vehicle,101.0,/m/01prls,Land vehicle
304,304,lantern,,,,124.0,125.0,lantern,119.0,/m/01jfsr,Lantern,82.0,/m/01jfsr,Lantern
305,305,laptop,63.0,73.0,laptop,74.0,75.0,laptop,81.0,/m/01c648,Laptop,53.0,/m/01c648,Laptop
306,306,lavender,,,,,,,384.0,/m/04gth,Lavender,287.0,/m/04gth,Lavender (Plant)
307,307,leather shoes,,,,17.0,18.0,leather shoes,,,,,,
308,308,leg,,,,,,,154.0,/m/035r7c,Human leg,219.0,/m/035r7c,Human leg
309,309,lemon,,,,147.0,148.0,lemon,265.0,/m/09k_b,Lemon,433.0,/m/09k_b,Lemon
310,310,leopard,,,,,,,178.0,/m/0c29q,Leopard,449.0,/m/0c29q,Leopard
311,311,lettuce,,,,282.0,283.0,lettuce,,,,,,
312,312,license plate,,,,,,,13.0,/m/01jfm_,Vehicle registration plate,81.0,/m/01jfm_,Vehicle registration plate
313,313,lifesaver,,,,145.0,146.0,life saver,,,,,,
314,314,light bulb,,,,,,,292.0,/m/0h8l4fh,Light bulb,536.0,/m/0h8l4fh,Light bulb
315,315,light switch,,,,,,,401.0,/m/03jbxj,Light switch,238.0,/m/03jbxj,Light switch
316,316,lighter,,,,337.0,338.0,lighter,,,,,,
317,317,lighthouse,,,,,,,64.0,/m/04h7h,Lighthouse,288.0,/m/04h7h,Lighthouse
318,318,lily,,,,,,,318.0,/m/0jqgx,Lily,562.0,/m/0jqgx,Lily
319,319,limousine,,,,,,,86.0,/m/01lcw4,Limousine,87.0,/m/01lcw4,Limousine
320,320,lion,,,,334.0,335.0,lion,146.0,/m/096mb,Lion,417.0,/m/096mb,Lion
321,321,lipstick,,,,,,,,,,350.0,/m/06c7f7,Lipstick
322,322,lizard,,,,,,,289.0,/m/04m9y,Lizard,294.0,/m/04m9y,Lizard
323,323,lobster,,,,362.0,363.0,lobster,244.0,/m/0cjq5,Lobster,462.0,/m/0cjq5,Lobster
324,324,loudspeaker,,,,34.0,35.0,speaker,,,,,,
325,325,luggage or bags,,,,109.0,110.0,luggage,309.0,/m/0hf58v5,Luggage and bags,552.0,/m/0hf58v5,Luggage and bags
326,326,lynx,,,,,,,216.0,/m/04g2r,Lynx,286.0,/m/04g2r,Lynx
327,327,mailbox,,,,,,,,,,,,
328,328,man,,,,,,,113.0,/m/04yx4,Man,306.0,/m/04yx4,Man
329,329,mango,,,,210.0,211.0,mango,446.0,/m/0fldg,Mango,511.0,/m/0fldg,Mango
330,330,manhole,,,,,,,,,,,,
331,331,maple,,,,,,,386.0,/m/0cffdh,Maple,459.0,/m/0cffdh,Maple
332,332,marker,,,,214.0,215.0,marker,,,,,,
333,333,mask,,,,193.0,194.0,facial mask,,,,,,
334,334,measuring cup,,,,319.0,320.0,measuring cup,459.0,/m/07v9_z,Measuring cup,399.0,/m/07v9_z,Measuring cup
335,335,meatball,,,,284.0,285.0,meat balls,,,,,,
336,336,medal,,,,285.0,286.0,medal,,,,,,
337,337,megaphone,,,,,,,,,,,,
338,338,microphone,,,,52.0,53.0,microphone,233.0,/m/0hg7b,Microphone,553.0,/m/0hg7b,Microphone
339,339,microwave,68.0,78.0,microwave,140.0,141.0,microwave,187.0,/m/0fx9l,Microwave oven,521.0,/m/0fx9l,Microwave oven
340,340,miniskirt,,,,,,,358.0,/m/01cmb2,Miniskirt,54.0,/m/01cmb2,Miniskirt
341,341,mirror,,,,56.0,57.0,mirror,52.0,/m/054_l,Mirror,316.0,/m/054_l,Mirror
342,342,missile,,,,,,,120.0,/m/04ylt,Missile,304.0,/m/04ylt,Missile
343,343,mixer,,,,,,,95.0,/m/063rgb,Mixer,342.0,/m/063rgb,Mixer
344,344,mobile phone,67.0,77.0,cell phone,77.0,78.0,cell phone,261.0,/m/050k8,Mobile phone,311.0,/m/050k8,Mobile phone
345,345,monkey,,,,350.0,351.0,monkey,346.0,/m/08pbxl,Monkey,416.0,/m/08pbxl,Monkey
346,346,mop,,,,328.0,329.0,mop,,,,,,
347,347,motorcycle,3.0,4.0,motorcycle,72.0,73.0,motorcycle,431.0,/m/04_sv,Motorcycle,298.0,/m/04_sv,Motorcycle
348,348,motorcyclist,,,,,,,,,,,,
349,349,mouse,64.0,74.0,mouse,103.0,104.0,mouse,325.0,/m/04rmv,Mouse,297.0,/m/04rmv,Mouse
350,350,mouth,,,,,,,170.0,/m/0283dt1,Human mouth,146.0,/m/0283dt1,Human mouth
351,351,muffin,,,,,,,294.0,/m/01tcjp,Muffin,107.0,/m/01tcjp,Muffin
352,352,mug,,,,,,,350.0,/m/02jvh9,Mug,169.0,/m/02jvh9,Mug
353,353,mule,,,,,,,377.0,/m/0dbzx,Mule,488.0,/m/0dbzx,Mule
354,354,mushroom,,,,294.0,295.0,mushroom,399.0,/m/052sf,Mushroom,313.0,/m/052sf,Mushroom
355,355,musical keyboard,,,,,,,406.0,/m/057cc,Musical keyboard,320.0,/m/057cc,Musical keyboard
356,356,nail,,,,,,,436.0,/m/05bm6,Nail,324.0,/m/05bm6,Nail (Construction)
357,357,napkin,,,,42.0,43.0,towel/napkin,,,,,,
358,358,necklace,,,,55.0,56.0,necklace,72.0,/m/01llwg,Necklace,88.0,/m/01llwg,Necklace
359,359,nightstand,,,,87.0,88.0,nightstand,485.0,/m/02z51p,Nightstand,203.0,/m/02z51p,Nightstand
360,360,noodle,,,,326.0,327.0,noodles,,,,,,
361,361,nose,,,,,,,16.0,/m/0k0pj,Human nose,566.0,/m/0k0pj,Human nose
362,362,nut,,,,263.0,264.0,nuts,,,,,,
363,363,oboe,,,,,,,444.0,/m/05kms,Oboe,327.0,/m/05kms,Oboe
364,364,office building,,,,,,,201.0,/m/021sj1,Office building,128.0,/m/021sj1,Office building
365,365,okra,,,,347.0,348.0,okra,,,,,,
366,366,onion,,,,217.0,218.0,onion,,,,,,
367,367,orange,49.0,55.0,orange,106.0,107.0,orange,125.0,/m/0cyhj_,Orange,479.0,/m/0cyhj_,Orange
368,368,organ,,,,,,,393.0,/m/013y1f,Organ,10.0,/m/013y1f,Organ (Musical Instrument)
369,369,ostrich,,,,,,,286.0,/m/05n4y,Ostrich,329.0,/m/05n4y,Ostrich
370,370,otter,,,,,,,420.0,/m/0cn6p,Otter,468.0,/m/0cn6p,Otter
371,371,oven,69.0,79.0,oven,113.0,114.0,oven,448.0,/m/029bxz,Oven,149.0,/m/029bxz,Oven
372,372,owl,,,,,,,433.0,/m/09d5_,Owl,423.0,/m/09d5_,Owl
373,373,oyster,,,,,,,103.0,/m/0_cp5,Oyster,470.0,/m/0_cp5,Oyster
374,374,paddle,,,,78.0,79.0,paddle,413.0,/m/014y4n,Paddle,15.0,/m/014y4n,Paddle
375,375,paintbrush,,,,184.0,185.0,paint brush,,,,,,
376,376,palm tree,,,,,,,196.0,/m/0cdl1,Palm tree,457.0,/m/0cdl1,Palm tree
377,377,pancake,,,,,,,159.0,/m/01dwwc,Pancake,59.0,/m/01dwwc,Pancake
378,378,papaya,,,,306.0,307.0,papaya,,,,,,
379,379,paper,,,,233.0,234.0,notepaper,,,,,,
380,380,paper towel,,,,116.0,117.0,paper towel,496.0,/m/02w3r3,Paper towel,189.0,/m/02w3r3,Paper towel
381,381,parachute,,,,,,,402.0,/m/0cyfs,Parachute,478.0,/m/0cyfs,Parachute
382,382,parking meter,12.0,14.0,parking meter,247.0,248.0,parking meter,,,,21.0,/m/015qbp,Parking meter
383,383,parrot,,,,317.0,318.0,parrot,135.0,/m/0gv1x,Parrot,530.0,/m/0gv1x,Parrot
384,384,party balloon,,,,,,,,,,,,
385,385,pasta,,,,358.0,359.0,pasta,290.0,/m/05z55,Pasta,336.0,/m/05z55,Pasta
386,386,peach,,,,231.0,232.0,peach,78.0,/m/0dj6p,Peach,490.0,/m/0dj6p,Peach
387,387,pear,,,,180.0,181.0,pear,357.0,/m/061_f,Pear,339.0,/m/061_f,Pear
388,388,pen,,,,51.0,52.0,pen/pencil,26.0,/m/0k1tl,Pen,567.0,/m/0k1tl,Pen
389,389,pencil case,,,,344.0,345.0,pencil case,,,,319.0,/m/05676x,Pencil case
390,390,penguin,,,,242.0,243.0,penguin,12.0,/m/05z6w,Penguin,337.0,/m/05z6w,Penguin
391,391,pepper,,,,173.0,174.0,pepper,,,,,,
392,392,person,0.0,1.0,person,0.0,1.0,person,338.0,/m/01g317,Person,67.0,/m/01g317,Person
393,393,personal care,,,,,,,474.0,/m/02w3_ws,Personal care,190.0,/m/02w3_ws,Personal care
394,394,personal flotation device,,,,,,,497.0,/m/054xkw,Lifejacket,317.0,/m/054xkw,Personal flotation device
395,395,phone booth,,,,,,,,,,,,
396,396,piano,,,,154.0,155.0,piano,441.0,/m/05r5c,Piano,330.0,/m/05r5c,Piano
397,397,pickup truck,,,,105.0,106.0,pickup truck,,,,,,
398,398,picnic basket,,,,,,,333.0,/m/07kng9,Picnic basket,393.0,/m/07kng9,Picnic basket
399,399,picture frame,,,,10.0,11.0,picture/frame,152.0,/m/06z37_,Picture frame,364.0,/m/06z37_,Picture frame
400,400,pie,,,,197.0,198.0,pie,,,,,,
401,401,pig,,,,300.0,301.0,pig,337.0,/m/068zj,Pig,347.0,/m/068zj,Pig
402,402,pigeon,,,,172.0,173.0,pigeon,,,,,,
403,403,pillow,,,,18.0,19.0,pillow,160.0,/m/034c16,Pillow,218.0,/m/034c16,Pillow
404,404,pineapple,,,,228.0,229.0,pine apple,379.0,/m/0fp6w,Pineapple,514.0,/m/0fp6w,Pineapple
405,405,pitcher,,,,,,,264.0,/m/054fyh,Pitcher,315.0,/m/054fyh,Pitcher (Container)
406,406,pizza,53.0,59.0,pizza,129.0,130.0,pizza,419.0,/m/0663v,Pizza,345.0,/m/0663v,Pizza
407,407,plain crosswalk,,,,,,,,,,,,
408,408,plastic bag,,,,,,,397.0,/m/05gqfk,Plastic bag,326.0,/m/05gqfk,Plastic bag
409,409,plate,,,,15.0,16.0,plate,472.0,/m/050gv4,Plate,310.0,/m/050gv4,Plate
410,410,platter,,,,,,,218.0,/m/099ssp,Platter,419.0,/m/099ssp,Platter
411,411,playing card,,,,322.0,323.0,poker card,,,,,,
412,412,pliers,,,,269.0,270.0,pliers,,,,,,
413,413,plum,,,,221.0,222.0,plum,,,,,,
414,414,polar bear,,,,336.0,337.0,polar bear,88.0,/m/0633h,Polar bear,341.0,/m/0633h,Polar bear
415,415,pole,,,,,,,,,,,,
416,416,pomegranate,,,,291.0,292.0,pomegranate,204.0,/m/0jwn_,Pomegranate,563.0,/m/0jwn_,Pomegranate
417,417,popcorn,,,,,,,468.0,/m/01hrv5,Popcorn,75.0,/m/01hrv5,Popcorn
418,418,porch,,,,,,,363.0,/m/04m6gz,Porch,293.0,/m/04m6gz,Porch
419,419,porcupine,,,,,,,434.0,/m/0c568,Porcupine,453.0,/m/0c568,Porcupine
420,420,poster,,,,,,,391.0,/m/01n5jq,Poster,97.0,/m/01n5jq,Poster
421,421,pot,,,,88.0,89.0,pot/pan,,,,,,
422,422,potato,,,,183.0,184.0,potato,495.0,/m/05vtc,Potato,333.0,/m/05vtc,Potato
423,423,potato chip,,,,309.0,310.0,chips,,,,,,
424,424,potted plant,58.0,64.0,potted plant,20.0,21.0,potted plant,280.0,/m/03fp41,Houseplant,231.0,/m/03fp41,Houseplant
425,425,power brick,,,,157.0,158.0,converter,,,,,,
426,426,power outlet,,,,81.0,82.0,power outlet,,,,,,
427,427,power plugs and sockets,,,,,,,44.0,/m/03bbps,Power plugs and sockets,223.0,/m/03bbps,Power plugs and sockets
428,428,pressure cooker,,,,,,,352.0,/m/0h8ntjv,Pressure cooker,548.0,/m/0h8ntjv,Pressure cooker
429,429,pretzel,,,,,,,295.0,/m/01f91_,Pretzel,63.0,/m/01f91_,Pretzel
430,430,printer,,,,185.0,186.0,printer,153.0,/m/01m4t,Printer,93.0,/m/01m4t,Printer
431,431,projector,,,,189.0,190.0,projector,,,,,,
432,432,pumpkin,,,,153.0,154.0,pumpkin,274.0,/m/05zsy,Pumpkin,338.0,/m/05zsy,Pumpkin
433,433,punching bag,,,,,,,127.0,/m/0420v5,Punching bag,270.0,/m/0420v5,Punching bag
434,434,purse,,,,,,,,,,,,
435,435,rabbit,,,,353.0,354.0,rabbit,486.0,/m/06mf6,Rabbit,356.0,/m/06mf6,Rabbit
436,436,raccoon,,,,,,,21.0,/m/0dq75,Raccoon,493.0,/m/0dq75,Raccoon
437,437,race car,,,,302.0,303.0,race car,,,,,,
438,438,radiator,,,,156.0,157.0,radiator,,,,,,
439,439,radish,,,,325.0,326.0,radish,74.0,/m/015x5n,Radish,25.0,/m/015x5n,Radish
440,440,raven,,,,,,,209.0,/m/06j2d,Raven,352.0,/m/06j2d,Raven
441,441,recorder,,,,,,,,,,,,
442,442,red cabbage,,,,335.0,336.0,red cabbage,,,,,,
443,443,refrigerator,72.0,82.0,refrigerator,117.0,118.0,refrigerator,329.0,/m/040b_t,Refrigerator,268.0,/m/040b_t,Refrigerator
444,444,remote,65.0,75.0,remote,114.0,115.0,remote,,,,594.0,/m/0qjjc,Remote control
445,445,rhinoceros,,,,,,,109.0,/m/03d443,Rhinoceros,228.0,/m/03d443,Rhinoceros
446,446,rice,,,,276.0,277.0,rice,,,,,,
447,447,rice cooker,,,,303.0,304.0,rice cooker,,,,,,
448,448,rickshaw,,,,289.0,290.0,rickshaw,,,,,,
449,449,rider,,,,,,,,,,,,
450,450,rifle,,,,,,,259.0,/m/06c54,Rifle,349.0,/m/06c54,Rifle
451,451,ring,,,,61.0,62.0,ring,,,,,,
452,452,ring binder,,,,,,,133.0,/m/04zwwv,Ring binder,309.0,/m/04zwwv,Ring binder
453,453,rocket,,,,,,,392.0,/m/09rvcxw,Rocket,438.0,/m/09rvcxw,Rocket
454,454,roll of tobacco,,,,,,,,,,,,
455,455,roller skates,,,,,,,361.0,/m/02p3w7d,Roller skates,176.0,/m/02p3w7d,Roller skates
456,456,rose,,,,,,,1.0,/m/06m11,Rose,355.0,/m/06m11,Rose
457,457,router,,,,226.0,227.0,router/modem,,,,,,
458,458,rug,,,,40.0,41.0,carpet,,,,,,
459,459,rugby ball,,,,,,,389.0,/m/0wdt60w,Rugby ball,596.0,/m/0wdt60w,Rugby ball
460,460,ruler,,,,277.0,278.0,tape measure/ruler,198.0,/m/0hdln,Ruler,551.0,/m/0hdln,Ruler
461,461,sailboat,,,,127.0,128.0,sailboat,,,,,,
462,462,salad,,,,,,,454.0,/m/0grw1,Salad,529.0,/m/0grw1,Salad
463,463,salt or pepper shakers,,,,,,,215.0,/m/02x8cch,Salt and pepper shakers,197.0,/m/02x8cch,Salt and pepper shakers
464,464,sandal,,,,53.0,54.0,sandals,163.0,/m/03nfch,Sandal,247.0,/m/03nfch,Sandal
465,465,sandwich,48.0,54.0,sandwich,255.0,256.0,sandwich,299.0,/m/0l515,Sandwich,579.0,/m/0l515,Sandwich
466,466,saucer,,,,,,,247.0,/m/03q5c7,Saucer,249.0,/m/03q5c7,Saucer
467,467,sausage,,,,190.0,191.0,sausage,,,,,,
468,468,saxophone,,,,253.0,254.0,saxophone,394.0,/m/06ncr,Saxophone,358.0,/m/06ncr,Saxophone
469,469,scale,,,,223.0,224.0,scale,,,,259.0,/m/03txqz,Scale
470,470,scallop,,,,343.0,344.0,scallop,,,,,,
471,471,scarf,,,,,,,271.0,/m/02h19r,Scarf,165.0,/m/02h19r,Scarf
472,472,scissors,76.0,87.0,scissors,167.0,168.0,scissors,437.0,/m/01lsmm,Scissors,90.0,/m/01lsmm,Scissors
473,473,scooter,,,,,,,,,,,,
474,474,scoreboard,,,,,,,408.0,/m/057p5t,Scoreboard,321.0,/m/057p5t,Scoreboard
475,475,screwdriver,,,,266.0,267.0,screwdriver,366.0,/m/01bms0,Screwdriver,50.0,/m/01bms0,Screwdriver
476,476,sea lion,,,,,,,372.0,/m/0gd36,Sea lion,524.0,/m/0gd36,Sea lion
477,477,sea turtle,,,,,,,4.0,/m/0120dh,Sea turtle,2.0,/m/0120dh,Sea turtle
478,478,seahorse,,,,,,,141.0,/m/0nybt,Seahorse,589.0,/m/0nybt,Seahorse
479,479,seal,,,,338.0,339.0,seal,,,,,,
480,480,seat belt,,,,,,,185.0,/m/0dkzw,Seat belt,492.0,/m/0dkzw,Seat belt
481,481,segway,,,,,,,22.0,/m/076bq,Segway,373.0,/m/076bq,Segway
482,482,serving tray,,,,,,,190.0,/m/0h8n27j,Serving tray,541.0,/m/0h8n27j,Serving tray
483,483,sewing machine,,,,,,,182.0,/m/0llzx,Sewing machine,581.0,/m/0llzx,Sewing machine
484,484,shark,,,,320.0,321.0,shark,282.0,/m/0by6g,Shark,447.0,/m/0by6g,Shark
485,485,sheep,18.0,20.0,sheep,89.0,90.0,sheep,416.0,/m/07bgp,Sheep,378.0,/m/07bgp,Sheep
486,486,shelf,,,,,,,151.0,/m/0gjbg72,Shelf,526.0,/m/0gjbg72,Shelf
487,487,ship,,,,215.0,216.0,ship,,,,,,
488,488,shirt,,,,,,,429.0,/m/01n4qj,Shirt,96.0,/m/01n4qj,Shirt
489,489,shoes,,,,,,,,,,,,
490,490,shorts,,,,,,,339.0,/m/01bfm9,Shorts,46.0,/m/01bfm9,Shorts
491,491,shotgun,,,,,,,139.0,/m/06nrc,Shotgun,359.0,/m/06nrc,Shotgun
492,492,shovel,,,,138.0,139.0,shovel,,,,,,
493,493,showerhead,,,,,,,263.0,/m/02f9f_,Shower,160.0,/m/02f9f_,Shower
494,494,shrimp,,,,288.0,289.0,shrimp,385.0,/m/0ll1f78,Shrimp,580.0,/m/0ll1f78,Shrimp
495,495,side table,,,,,,,,,,,,
496,496,sink,71.0,81.0,sink,64.0,65.0,sink,324.0,/m/0130jx,Sink,8.0,/m/0130jx,Sink
497,497,skateboard,36.0,41.0,skateboard,141.0,142.0,skateboard,214.0,/m/06_fw,Skateboard,351.0,/m/06_fw,Skateboard
498,498,ski,30.0,35.0,skis,110.0,111.0,skis,219.0,/m/071p9,Ski,367.0,/m/071p9,Ski
499,499,ski boot,,,,166.0,167.0,skating and skiing shoes,,,,,,
500,500,skull,,,,,,,172.0,/m/016m2d,Skull,28.0,/m/016m2d,Skull
501,501,skyscraper,,,,,,,493.0,/m/079cl,Skyscraper,377.0,/m/079cl,Skyscraper
502,502,slide,,,,206.0,207.0,slide,,,,,,
503,503,slippers,,,,43.0,44.0,slippers,,,,,,
504,504,slow cooker,,,,,,,156.0,/m/02tsc9,Slow cooker,185.0,/m/02tsc9,Slow cooker
505,505,snail,,,,,,,460.0,/m/0f9_l,Snail,507.0,/m/0f9_l,Snail
506,506,snake,,,,,,,181.0,/m/078jl,Snake,375.0,/m/078jl,Snake
507,507,sneakers,,,,1.0,2.0,sneakers,,,,,,
508,508,snowboard,31.0,36.0,snowboard,176.0,177.0,snowboard,452.0,/m/06__v,Snowboard,362.0,/m/06__v,Snowboard
509,509,snowman,,,,,,,383.0,/m/0152hh,Snowman,16.0,/m/0152hh,Snowman
510,510,snowmobile,,,,,,,291.0,/m/01x3jk,Snowmobile,110.0,/m/01x3jk,Snowmobile
511,511,snowplow,,,,,,,235.0,/m/04vv5k,Snowplow,302.0,/m/04vv5k,Snowplow
512,512,soccer ball,,,,111.0,112.0,soccer,,,,,,
513,513,sock,,,,,,,136.0,/m/01nq26,Sock,99.0,/m/01nq26,Sock
514,514,sofa bed,,,,,,,307.0,/m/03m3pdh,Sofa bed,244.0,/m/03m3pdh,Sofa bed
515,515,sombrero,,,,,,,35.0,/m/02jfl0,Sombrero,167.0,/m/02jfl0,Sombrero
516,516,sparrow,,,,,,,471.0,/m/0h23m,Sparrow,532.0,/m/0h23m,Sparrow
517,517,spatula,,,,,,,316.0,/m/02d1br,Spatula,155.0,/m/02d1br,Spatula
518,518,speed limit sign,,,,,,,,,,,,
519,519,spider,,,,,,,470.0,/m/09kmb,Spider,434.0,/m/09kmb,Spider
520,520,spoon,44.0,50.0,spoon,98.0,99.0,spoon,122.0,/m/0cmx8,Spoon,467.0,/m/0cmx8,Spoon
521,521,sports car,,,,151.0,152.0,sports car,,,,,,
522,522,sports uniform,,,,,,,108.0,/m/0h8mhzd,Sports uniform,538.0,/m/0h8mhzd,Sports uniform
523,523,spring rolls,,,,315.0,316.0,spring rolls,,,,,,
524,524,squirrel,,,,,,,124.0,/m/071qp,Squirrel,368.0,/m/071qp,Squirrel
525,525,stairs,,,,,,,165.0,/m/01lynh,Stairs,91.0,/m/01lynh,Stairs
526,526,stapler,,,,280.0,281.0,stapler,,,,135.0,/m/025fsf,Stapler
527,527,starfish,,,,348.0,349.0,starfish,242.0,/m/01h8tj,Starfish,74.0,/m/01h8tj,Starfish
528,528,stationary bicycle,,,,,,,239.0,/m/03kt2w,Stationary bicycle,241.0,/m/03kt2w,Stationary bicycle
529,529,steak,,,,321.0,322.0,steak,,,,,,
530,530,stool,,,,36.0,37.0,stool,167.0,/m/0fqt361,Stool,516.0,/m/0fqt361,Stool
531,531,stop sign,11.0,13.0,stop sign,155.0,156.0,stop sign,93.0,/m/02pv19,Stop sign,181.0,/m/02pv19,Stop sign
532,532,strawberry,,,,170.0,171.0,strawberry,367.0,/m/07fbm7,Strawberry,387.0,/m/07fbm7,Strawberry
533,533,streetlight,,,,13.0,14.0,street lights,483.0,/m/033rq4,Street light,216.0,/m/033rq4,Street light
534,534,stretcher,,,,,,,162.0,/m/02lbcq,Stretcher,172.0,/m/02lbcq,Stretcher
535,535,striped crosswalk,,,,,,,,,,,,
536,536,stroller,,,,137.0,138.0,stroller,,,,,,
537,537,studio couch,,,,,,,478.0,/m/026qbn5,Studio couch,139.0,/m/026qbn5,Studio couch
538,538,submarine sandwich,,,,,,,365.0,/m/06pcq,Submarine sandwich,361.0,/m/06pcq,Submarine sandwich
539,539,suit,,,,,,,462.0,/m/01xyhv,Suit,118.0,/m/01xyhv,Suit
540,540,suitcase,28.0,33.0,suitcase,177.0,178.0,suitcase,169.0,/m/01s55n,Suitcase,106.0,/m/01s55n,Suitcase
541,541,sun hat,,,,,,,435.0,/m/02wbtzl,Sun hat,192.0,/m/02wbtzl,Sun hat
542,542,sunflower,,,,,,,177.0,/m/0ftb8,Sunflower,520.0,/m/0ftb8,Common sunflower
543,543,sunglasses,,,,,,,193.0,/m/017ftj,Sunglasses,33.0,/m/017ftj,Sunglasses
544,544,surfboard,37.0,42.0,surfboard,142.0,143.0,surfboard,69.0,/m/019w40,Surfboard,42.0,/m/019w40,Surfboard
545,545,surveillance camera,,,,143.0,144.0,surveillance camera,,,,,,
546,546,sushi,,,,311.0,312.0,sushi,481.0,/m/07030,Sushi,365.0,/m/07030,Sushi
547,547,suv,,,,46.0,47.0,suv,,,,,,
548,548,swan,,,,248.0,249.0,swan,438.0,/m/0dftk,Swan,489.0,/m/0dftk,Swan
549,549,swim cap,,,,,,,284.0,/m/04tn4x,Swim cap,300.0,/m/04tn4x,Swim cap
550,550,swimming pool,,,,,,,221.0,/m/0b_rs,Swimming pool,443.0,/m/0b_rs,Swimming pool
551,551,swimwear,,,,,,,220.0,/m/01gkx_,Swimwear,69.0,/m/01gkx_,Swimwear
552,552,swing,,,,244.0,245.0,swing,,,,,,
553,553,sword,,,,,,,356.0,/m/06y5r,Sword,363.0,/m/06y5r,Sword
554,554,table tennis ball,,,,,,,,,,,,
555,555,table tennis racket,,,,346.0,347.0,table tennis paddle,480.0,/m/05_5p_0,Table tennis racket,318.0,/m/05_5p_0,Table tennis racket
556,556,tablet computer,,,,261.0,262.0,tablet,202.0,/m/0bh9flk,Tablet computer,441.0,/m/0bh9flk,Tablet computer
557,557,taco,,,,,,,23.0,/m/07crc,Taco,383.0,/m/07crc,Taco
558,558,tank,,,,,,,430.0,/m/07cmd,Tank,382.0,/m/07cmd,Tank
559,559,tap,,,,57.0,58.0,faucet,77.0,/m/02jz0l,Tap,170.0,/m/02jz0l,Tap
560,560,target,,,,359.0,360.0,target,,,,,,
561,561,tart,,,,298.0,299.0,egg tart,60.0,/m/02zvsm,Tart,206.0,/m/02zvsm,Tart
562,562,taxi,,,,,,,262.0,/m/0pg52,Taxi,592.0,/m/0pg52,Taxi
563,563,tea,,,,,,,374.0,/m/07clx,Tea,381.0,/m/07clx,Tea
564,564,teapot,,,,92.0,93.0,tea pot,463.0,/m/01fh4r,Teapot,66.0,/m/01fh4r,Teapot
565,565,teddy bear,77.0,88.0,teddy bear,70.0,71.0,teddy bear,403.0,/m/0kmg4,Teddy bear,573.0,/m/0kmg4,Teddy bear
566,566,telephone,,,,104.0,105.0,telephone,415.0,/m/07cx4,Telephone,384.0,/m/07cx4,Telephone
567,567,television set,62.0,72.0,tv,23.0,24.0,tv,231.0,/m/07c52,Television,379.0,/m/07c52,Television
568,568,tennis ball,,,,194.0,195.0,tennis ball,375.0,/m/05ctyq,Tennis ball,325.0,/m/05ctyq,Tennis ball
569,569,tennis racket,38.0,43.0,tennis racket,164.0,165.0,tennis racket,252.0,/m/0h8my_4,Tennis racket,539.0,/m/0h8my_4,Tennis racket
570,570,tent,,,,121.0,122.0,tent,82.0,/m/01j61q,Tent,80.0,/m/01j61q,Tent
571,571,tiara,,,,,,,36.0,/m/01krhy,Tiara,86.0,/m/01krhy,Tiara
572,572,tick,,,,,,,313.0,/m/0175cv,Tick,31.0,/m/0175cv,Tick
573,573,tie,27.0,32.0,tie,48.0,49.0,tie,150.0,/m/01rkbr,Tie,103.0,/m/01rkbr,Tie
574,574,tiger,,,,,,,51.0,/m/07dm6,Tiger,386.0,/m/07dm6,Tiger
575,575,tin can,,,,54.0,55.0,canned,445.0,/m/02jnhm,Tin can,168.0,/m/02jnhm,Tin can
576,576,tire,,,,,,,147.0,/m/0h9mv,Tire,550.0,/m/0h9mv,Tire
577,577,tissue,,,,158.0,159.0,tissue ,,,,,,
578,578,toaster,70.0,80.0,toaster,235.0,236.0,toaster,34.0,/m/01k6s3,Toaster,83.0,/m/01k6s3,Toaster
579,579,toilet,61.0,70.0,toilet,136.0,137.0,toilet,499.0,/m/09g1w,Toilet,428.0,/m/09g1w,Toilet
580,580,toilet paper,,,,,,,203.0,/m/09gtd,Toilet paper,429.0,/m/09gtd,Toilet paper
581,581,tomato,,,,119.0,120.0,tomato,276.0,/m/07j87,Tomato,390.0,/m/07j87,Tomato
582,582,tongs,,,,205.0,206.0,tong,,,,,,
583,583,toothbrush,79.0,90.0,toothbrush,208.0,209.0,toothbrush,,,,6.0,/m/012xff,Toothbrush
584,584,torch,,,,,,,42.0,/m/07dd4,Torch,385.0,/m/07dd4,Torch
585,585,tortoise,,,,316.0,317.0,tortoise/turtle,354.0,/m/011k07,Tortoise,,,
586,586,towel,,,,,,,484.0,/m/0162_1,Towel,26.0,/m/0162_1,Towel
587,587,tower,,,,,,,89.0,/m/01fdzj,Tower,65.0,/m/01fdzj,Tower
588,588,toy,,,,47.0,48.0,toy,373.0,/m/0138tl,Toy,9.0,/m/0138tl,Toy
589,589,traffic cone,,,,91.0,92.0,traffic cone,,,,,,
590,590,traffic light,9.0,10.0,traffic light,50.0,51.0,traffic light,395.0,/m/015qff,Traffic light,22.0,/m/015qff,Traffic light
591,591,traffic sign backside,,,,,,,,,,,,
592,592,traffic sign frame,,,,,,,,,,,,
593,593,traffic sign front,,,,76.0,77.0,traffic sign,,,,,,
594,594,trailer,,,,,,,,,,,,
595,595,train,6.0,7.0,train,118.0,119.0,train,257.0,/m/07jdr,Train,391.0,/m/07jdr,Train
596,596,training bench,,,,,,,14.0,/m/076lb9,Training bench,374.0,/m/076lb9,Training bench
597,597,treadmill,,,,296.0,297.0,treadmill,332.0,/m/030610,Treadmill,207.0,/m/030610,Treadmill
598,598,tricycle,,,,234.0,235.0,tricycle,,,,,,
599,599,tripod,,,,94.0,95.0,tripod,447.0,/m/073bxn,Tripod,369.0,/m/073bxn,Tripod
600,600,trombone,,,,290.0,291.0,trombone,273.0,/m/07c6l,Trombone,380.0,/m/07c6l,Trombone
601,601,trophy,,,,273.0,274.0,trophy,,,,,,
602,602,truck,7.0,8.0,truck,79.0,80.0,truck,67.0,/m/07r04,Truck,398.0,/m/07r04,Truck
603,603,trucking rig,,,,,,,,,,,,
604,604,trumpet,,,,254.0,255.0,trumpet,197.0,/m/07gql,Trumpet,388.0,/m/07gql,Trumpet
605,605,tuba,,,,304.0,305.0,tuba,,,,,,
606,606,turkey,,,,,,,267.0,/m/0jly1,Turkey,561.0,/m/0jly1,Turkey
607,607,umbrella,25.0,28.0,umbrella,31.0,32.0,umbrella,456.0,/m/0hnnb,Umbrella,555.0,/m/0hnnb,Umbrella
608,608,urinal,,,,312.0,313.0,urinal,,,,,,
609,609,utility pole,,,,,,,,,,,,
610,610,van,,,,62.0,63.0,van,281.0,/m/0h2r6,Van,533.0,/m/0h2r6,Van
611,611,vase,75.0,86.0,vase,25.0,26.0,vase,137.0,/m/02s195,Vase,184.0,/m/02s195,Vase
612,612,vegetable,,,,262.0,263.0,green vegetables,41.0,/m/0f4s2w,Vegetable,502.0,/m/0f4s2w,Vegetable
613,613,video display,,,,,,,,,,,,
614,614,violin,,,,213.0,214.0,violin,174.0,/m/07y_7,Violin,401.0,/m/07y_7,Violin
615,615,volleyball,,,,270.0,271.0,volleyball,56.0,/m/02rgn06,Volleyball,183.0,/m/02rgn06,Volleyball (Ball)
616,616,waffle,,,,,,,195.0,/m/01dwsz,Waffle,58.0,/m/01dwsz,Waffle
617,617,wall clock,,,,,,,107.0,/m/0h8mzrc,Wall clock,540.0,/m/0h8mzrc,Wall clock
618,618,washing machine,,,,160.0,161.0,washing machine,20.0,/m/0174k2,Washing machine,29.0,/m/0174k2,Washing machine
619,619,waste container,,,,35.0,36.0,trash bin/can,376.0,/m/0bjyj5,Waste container,442.0,/m/0bjyj5,Waste container
620,620,watch,,,,63.0,64.0,watch,317.0,/m/0gjkl,Watch,527.0,/m/0gjkl,Watch
621,621,watermelon,,,,224.0,225.0,watermelon,17.0,/m/0kpqd,Watermelon,574.0,/m/0kpqd,Watermelon
622,622,whale,,,,,,,428.0,/m/084zz,Whale,410.0,/m/084zz,Whale
623,623,wheel,,,,,,,371.0,/m/083wq,Wheel,407.0,/m/083wq,Wheel
624,624,wheelchair,,,,220.0,221.0,wheelchair,327.0,/m/0qmmr,Wheelchair,595.0,/m/0qmmr,Wheelchair
625,625,whiteboard,,,,99.0,100.0,blackboard/whiteboard,288.0,/m/02d9qx,Whiteboard,156.0,/m/02d9qx,Whiteboard
626,626,willow,,,,,,,91.0,/m/0mw_6,Willow,586.0,/m/0mw_6,Willow
627,627,window,,,,,,,144.0,/m/0d4v4,Window,483.0,/m/0d4v4,Window
628,628,window blind,,,,,,,293.0,/m/031b6r,Window blind,211.0,/m/031b6r,Window blind
629,629,wine,,,,,,,326.0,/m/081qc,Wine,405.0,/m/081qc,Wine
630,630,wine glass,40.0,46.0,wine glass,27.0,28.0,wine glass,368.0,/m/09tvcd,Wine glass,439.0,/m/09tvcd,Wine glass
631,631,winter melon,,,,,,,404.0,/m/02cvgx,Winter melon,154.0,/m/02cvgx,Winter melon
632,632,wok,,,,,,,490.0,/m/084rd,Wok,409.0,/m/084rd,Wok
633,633,woman,,,,,,,164.0,/m/03bt1vf,Woman,226.0,/m/03bt1vf,Woman
634,634,wood-burning stove,,,,,,,100.0,/m/04169hn,Wood-burning stove,269.0,/m/04169hn,Wood-burning stove
635,635,woodpecker,,,,,,,104.0,/m/01dy8n,Woodpecker,61.0,/m/01dy8n,Woodpecker
636,636,wrench,,,,,,,223.0,/m/01j5ks,Wrench,79.0,/m/01j5ks,Wrench
637,637,yak,,,,327.0,328.0,yak,,,,,,
638,638,zebra,22.0,24.0,zebra,149.0,150.0,zebra,128.0,/m/0898b,Zebra,411.0,/m/0898b,Zebra
639,639,zucchini,,,,,,,54.0,/m/027pcv,Zucchini,144.0,/m/027pcv,Zucchini
640,640,invertebrate,,,,,,,266.0,/m/03xxp,Invertebrate,265.0,/m/03xxp,Invertebrate
641,641,animal,,,,,,,6.0,/m/0jbk,Animal,559.0,/m/0jbk,Animal
642,642,kitchen appliance,,,,,,,319.0,/m/0h99cwc,Kitchen appliance,549.0,/m/0h99cwc,Kitchen appliance
643,643,plumbing fixture,,,,,,,407.0,/m/02pkr5,Plumbing fixture,180.0,/m/02pkr5,Plumbing fixture
644,644,vehicle,,,,,,,148.0,/m/07yv9,Vehicle,402.0,/m/07yv9,Vehicle
645,645,trousers,,,,,,,467.0,/m/07mhn,Trousers,395.0,/m/07mhn,Trousers
646,646,beetle,,,,,,,236.0,/m/020jm,Beetle,124.0,/m/020jm,Beetle
647,647,home appliance,,,,,,,234.0,/m/019dx1,Home appliance,39.0,/m/019dx1,Home appliance
648,648,drink,,,,,,,246.0,/m/0271t,Drink,143.0,/m/0271t,Drink
649,649,sculpture,,,,,,,442.0,/m/06msq,Sculpture,357.0,/m/06msq,Sculpture
650,650,reptile,,,,,,,58.0,/m/06bt6,Reptile,348.0,/m/06bt6,Reptile
651,651,skirt,,,,,,,205.0,/m/02wv6h6,Skirt,195.0,/m/02wv6h6,Skirt
652,652,tree,,,,,,,29.0,/m/07j7r,Tree,389.0,/m/07j7r,Tree
653,653,racket,,,,,,,370.0,/m/0dv9c,Racket,499.0,/m/0dv9c,Racket
654,654,moths or butterflies,,,,,,,39.0,/m/0d_2m,Moths and butterflies,482.0,/m/0d_2m,Moths and butterflies
655,655,table,,,,,,,134.0,/m/04bcr3,Table,279.0,/m/04bcr3,Table
656,656,marine mammal,,,,,,,75.0,/m/0gd2v,Marine mammal,523.0,/m/0gd2v,Marine mammal
657,657,squash,,,,,,,398.0,/m/0dv77,Squash,498.0,/m/0dv77,Squash (Plant)
658,658,tableware,,,,,,,348.0,/m/04brg2,Tableware,280.0,/m/04brg2,Tableware
659,659,watercraft,,,,,,,143.0,/m/01rzcn,Watercraft,104.0,/m/01rzcn,Watercraft
660,660,furniture,,,,,,,298.0,/m/0c_jw,Furniture,464.0,/m/0c_jw,Furniture
661,661,marine invertebrates,,,,,,,455.0,/m/03hl4l9,Marine invertebrates,236.0,/m/03hl4l9,Marine invertebrates
662,662,fruit,,,,,,,303.0,/m/02xwb,Fruit,201.0,/m/02xwb,Fruit
663,663,carnivore,,,,,,,62.0,/m/01lrl,Carnivore,89.0,/m/01lrl,Carnivore
664,664,building,,,,,,,43.0,/m/0cgh4,Building,460.0,/m/0cgh4,Building
665,665,insect,,,,,,,249.0,/m/03vt0,Insect,261.0,/m/03vt0,Insect
666,666,turtle,,,,,,,49.0,/m/09dzg,Turtle,425.0,/m/09dzg,Turtle
667,667,seafood,,,,,,,369.0,/m/06nwz,Seafood,360.0,/m/06nwz,Seafood
668,668,traffic sign,,,,,,,359.0,/m/01mqdt,Traffic sign,94.0,/m/01mqdt,Traffic sign
669,669,aircraft,,,,,,,321.0,/m/0k5j,Aircraft,570.0,/m/0k5j,Aircraft
670,670,musical instrument,,,,,,,256.0,/m/04szw,Musical instrument,299.0,/m/04szw,Musical instrument
671,671,shellfish,,,,,,,30.0,/m/0fbdv,Shellfish,508.0,/m/0fbdv,Shellfish
672,672,weapon,,,,,,,138.0,/m/083kb,Weapon,406.0,/m/083kb,Weapon
673,673,office supplies,,,,,,,421.0,/m/02rdsp,Office supplies,182.0,/m/02rdsp,Office supplies
674,674,footwear,,,,,,,70.0,/m/09j5n,Footwear,432.0,/m/09j5n,Footwear
675,675,electronic stove or gas stove,,,,196.0,197.0,electronic stove and gas stove,,,,,,
676,676,iron,,,,363.0,364.0,iron,,,,,,
677,677,cigar,,,,240.0,241.0,cigar,,,,,,
678,678,mangosteen,,,,339.0,340.0,mangosteen,,,,,,
679,679,liquid soap,,,,148.0,149.0,liquid soap,,,,,,
680,680,facial cleanser,,,,209.0,210.0,facial cleanser,,,,,,
681,681,radio,,,,245.0,246.0,radio,,,,,,
682,682,shampoo,,,,122.0,123.0,shampoo/shower gel,,,,,,
683,683,microscope,,,,330.0,331.0,microscope,,,,,,
684,684,vent,,,,161.0,162.0,vent,,,,,,
685,685,saw,,,,345.0,346.0,saw,,,,,,
686,686,pitaya,,,,342.0,343.0,pitaya,,,,,,
687,687,clutch,,,,203.0,204.0,clutch,,,,,,
688,688,llama,,,,324.0,325.0,llama,,,,,,
689,689,toothpaste,,,,286.0,287.0,toothpaste,,,,,,
690,690,dates,,,,274.0,275.0,dates,,,,,,
691,691,horn,,,,251.0,252.0,horn,,,,,,
692,692,pomelo,,,,301.0,302.0,pomelo,,,,,,
693,693,toiletries,,,,133.0,134.0,toiletries,,,,,,
694,694,tangerine,,,,128.0,129.0,tangerine,,,,,,
695,695,hockey,,,,95.0,96.0,hockey,,,,,,
696,696,diaper,,,,,,,,,,503.0,/m/0f571,Diaper
697,697,red panda,,,,,,,,,,354.0,/m/06l9r,Red panda
698,698,milk,,,,,,,,,,308.0,/m/04zpv,Milk
699,699,facial tissue holder,,,,,,,,,,547.0,/m/0h8nsvg,Facial tissue holder
700,700,kitchenware,,,,,,,,,,263.0,/m/03_wxk,Kitchenware
701,701,cooking spray,,,,,,,,,,394.0,/m/07mcwg,Cooking spray
702,702,chime,,,,,,,,,,506.0,/m/0f8s22,Chime
703,703,rays and skates,,,,,,,,,,583.0,/m/0m53l,Rays and skates
704,704,horizontal bar,,,,,,,,,,471.0,/m/0cqn2,Horizontal bar
705,705,ladle,,,,,,,,,,145.0,/m/027rl48,Ladle
706,706,unicycle,,,,,,,,,,504.0,/m/0f6nr,Unicycle
707,707,bottle opener,,,,,,,,,,285.0,/m/04f5ws,Bottle opener
708,708,bomb,,,,,,,,,,473.0,/m/0ct4f,Bomb
709,709,banjo,,,,,,,,,,34.0,/m/018j2,Banjo
710,710,kitchen utensil,,,,,,,,,,237.0,/m/03hlz0c,Kitchen utensil
711,711,medical equipment,,,,,,,,,,112.0,/m/01xgg_,Medical equipment
712,712,waffle iron,,,,,,,,,,307.0,/m/04z4wx,Waffle iron
713,713,spice rack,,,,,,,,,,535.0,/m/0h8kx63,Spice rack
714,714,stethoscope,,,,,,,,,,370.0,/m/073g6,Stethoscope
715,715,pastry,,,,,,,,,,556.0,/m/0hnyx,Pastry
716,716,koala,,,,,,,,,,282.0,/m/04cp_,Koala
717,717,food,,,,,,,,,,191.0,/m/02wbm,Food
718,718,tree house,,,,,,,,,,193.0,/m/02wg_p,Tree house
719,719,harmonica,,,,,,,,,,253.0,/m/03qjg,Harmonica
720,720,paper cutter,,,,,,,,,,404.0,/m/080n7g,Paper cutter
721,721,bowling equipment,,,,,,,,,,396.0,/m/07pj7bq,Bowling equipment
722,722,flying disc,,,,,,,,,,194.0,/m/02wmf,Flying disc
723,723,panda,,,,,,,,,,224.0,/m/03bj1,Panda
724,724,armadillo,,,,,,,,,,597.0,/m/0xfy,Armadillo
725,725,band-aid,,,,,,,,,,558.0,/m/0j496,Band-aid
726,726,squid,,,,,,,,,,430.0,/m/09gys,Squid
727,727,mammal,,,,,,,,,,296.0,/m/04rky,Mammal
728,728,cassette deck,,,,,,,,,,11.0,/m/01432t,Cassette deck
729,729,balance beam,,,,,,,,,,578.0,/m/0l3ms,Balance beam
730,730,hiking equipment,,,,,,,,,,138.0,/m/0268lbt,Hiking equipment
731,731,dairy product,,,,,,,,,,147.0,/m/0284d,Dairy Product
732,732,wardrobe,,,,,,,,,,186.0,/m/02vkqh8,Wardrobe
733,733,cosmetics,,,,,,,,,,14.0,/m/014trl,Cosmetics
734,734,auto part,,,,,,,,,,412.0,/m/08dz3q,Auto part
735,735,jacuzzi,,,,,,,,,,344.0,/m/065h6l,Jacuzzi
736,736,tool,,,,,,,,,,392.0,/m/07k1x,Tool
737,737,soap dispenser,,,,,,,,,,452.0,/m/0c3mkw,Soap dispenser
738,738,sports equipment,,,,,,,,,,335.0,/m/05y5lj,Sports equipment
739,739,clothing,,,,,,,,,,431.0,/m/09j2d,Clothing
740,740,maracas,,,,,,,,,,598.0,/m/0xzly,Maracas
741,741,plant,,,,,,,,,,332.0,/m/05s2s,Plant
742,742,cocktail shaker,,,,,,,,,,272.0,/m/0440zs,Cocktail shaker
743,743,humidifier,,,,,,,,,,292.0,/m/04lvq_,Humidifier
744,744,perfume,,,,,,,,,,590.0,/m/0p833,Perfume
745,745,fast food,,,,,,,,,,47.0,/m/01_bhs,Fast food
746,746,heater,,,,,,,,,,252.0,/m/03qhv5,Heater
747,747,pizza cutter,,,,,,,,,,414.0,/m/08ks85,Pizza cutter
748,748,face powder,,,,,,,,,,199.0,/m/02xb7qb,Face powder
749,749,ratchet,,,,,,,,,,151.0,/m/02bm9n,Ratchet (Device)
750,750,skunk,,,,,,,,,,572.0,/m/0km7z,Skunk
751,751,ipod,,,,,,,,,,584.0,/m/0mcx2,Ipod
752,752,axe,,,,,,,,,,450.0,/m/0c2jj,Axe
753,753,cream,,,,,,,,,,415.0,/m/08p92x,Cream
754,754,hippopotamus,,,,,,,,,,426.0,/m/09f20,Hippopotamus
755,755,magpie,,,,,,,,,,1.0,/m/012074,Magpie
756,756,syringe,,,,,,,,,,7.0,/m/012ysf,Syringe
757,757,hedgehog,,,,,,,,,,465.0,/m/0cl4p,Hedgehog
758,758,human body,,,,,,,,,,175.0,/m/02p0tk3,Human body
759,759,fax,,,,,,,,,,200.0,/m/02xqq,Fax
760,760,closet,,,,,,,,,,484.0,/m/0d4w1,Closet
761,761,bathroom accessory,,,,,,,,,,546.0,/m/0h8nr_l,Bathroom accessory
762,762,can opener,,,,,,,,,,173.0,/m/02mqfb,Can opener
763,763,wine rack,,,,,,,,,,142.0,/m/0271qf7,Wine rack
764,764,cat furniture,,,,,,,,,,545.0,/m/0h8nm9j,Cat furniture
765,765,fashion accessory,,,,,,,,,,275.0,/m/0463sg,Fashion accessory
766,766,chisel,,,,,,,,,,494.0,/m/0_dqb,Chisel
767,767,indoor rower,,,,,,,,,,264.0,/m/03wym,Indoor rower
768,768,whisk,,,,,,,,,,188.0,/m/02vwcm,Whisk
769,769,container,,,,,,,,,,0.0,/m/011q46kg,Container
770,770,pencil sharpener,,,,,,,,,,157.0,/m/02ddwp,Pencil sharpener
771,771,worm,,,,,,,,,,408.0,/m/084hf,Worm
772,772,hair spray,,,,,,,,,,334.0,/m/05w9t9,Hair spray
773,773,isopod,,,,,,,,,,220.0,/m/035vxb,Isopod
774,774,scorpion,,,,,,,,,,372.0,/m/0755b,Scorpion
775,775,grinder,,,,,,,,,,534.0,/m/0h8jyh6,Grinder
776,776,submarine,,,,,,,,,,371.0,/m/074d1,Submarine
777,777,hand dryer,,,,,,,,,,451.0,/m/0c3m8g,Hand dryer
